customerID,gender,SeniorCitizen,tenure,PhoneService,InternetService,MonthlyCharges,TotalCharges,Churn
CUST00001,Female,0,7,No,Fiber optic,69.1,441.48,No
CUST00002,Female,1,62,Yes,DSL,55.01,3221.87,Yes
CUST00003,Male,0,1,Yes,DSL,98.53,93.2,Yes
CUST00004,Female,0,12,No,DSL,55.89,745.58,No
CUST00005,Male,0,2,No,DSL,92.99,191.6,No
CUST00006,Male,1,12,No,No,65.45,885.29,Yes
CUST00007,Female,0,8,No,Fiber optic,106.72,927.52,Yes
CUST00008,Male,1,50,No,No,48.16,2328.33,No
CUST00009,Male,0,7,Yes,DSL,67.5,499.71,No
CUST00010,Female,0,4,Yes,DSL,94.69,341.18,No
CUST00011,Male,1,0,No,DSL,82.25,,No
CUST00012,Female,0,24,No,DSL,44.36,1054.74,No
CUST00013,Female,0,30,No,Fiber optic,23.21,699.86,No
CUST00014,Male,0,1,Yes,DSL,96.22,,Yes
CUST00015,Female,0,7,Yes,Fiber optic,61.28,368.31,No
CUST00016,Male,0,9,Yes,Fiber optic,86.2,785.63,Yes
CUST00017,Female,0,47,No,Fiber optic,91.59,3872.21,No
CUST00018,Male,0,6,No,Fiber optic,60.99,318.86,No
CUST00019,Female,0,56,Yes,Fiber optic,20.75,1043.51,No
CUST00020,Male,0,46,No,Fiber optic,27.58,1418.95,Yes
CUST00021,Female,0,29,No,Fiber optic,30.03,680.73,Yes
CUST00022,Male,0,27,Yes,Fiber optic,71.88,1701.69,No
CUST00023,Male,1,67,No,DSL,41.54,2969.69,No
CUST00024,Male,0,69,No,Fiber optic,94.41,7088.83,No
CUST00025,Female,1,68,No,DSL,80.36,5245.75,No
CUST00026,Female,0,37,No,No,88.71,3266.85,No
CUST00027,Male,0,70,No,DSL,76.88,5446.3,No
CUST00028,Male,0,44,Yes,No,52.79,2225.92,No
CUST00029,Female,0,8,No,Fiber optic,101.75,891.33,No
CUST00030,Male,0,53,No,Fiber optic,59.88,3024.24,Yes
CUST00031,Male,1,59,Yes,No,75.49,,Yes
CUST00032,Male,0,51,No,DSL,82.45,4650.38,No
CUST00033,Male,1,2,No,Fiber optic,62.8,109.89,No
CUST00034,Male,0,25,Yes,Fiber optic,82.49,1894.94,Yes
CUST00035,Male,1,46,No,Fiber optic,20.95,1329.99,Yes
CUST00036,Female,0,68,Yes,No,32.3,2840.61,No
CUST00037,Female,0,46,No,Fiber optic,93.7,4167.0,Yes
CUST00038,Female,0,12,No,Fiber optic,78.91,908.47,No
CUST00039,Female,0,12,No,DSL,21.27,247.64,No
CUST00040,Male,0,7,Yes,No,83.01,597.2,Yes
CUST00041,Female,0,11,No,DSL,74.34,854.95,Yes
CUST00042,Female,0,1,No,Fiber optic,61.28,54.92,Yes
CUST00043,Female,0,61,No,DSL,55.38,3247.47,No
CUST00044,Female,1,3,No,No,98.76,295.71,No
CUST00045,Female,0,15,Yes,Fiber optic,90.62,1424.94,Yes
CUST00046,Male,0,10,Yes,Fiber optic,73.0,633.81,Yes
CUST00047,Male,0,22,No,DSL,98.64,2362.17,No
CUST00048,Male,0,10,No,Fiber optic,83.44,853.2,Yes
CUST00049,Male,0,39,No,DSL,67.71,2283.34,No
CUST00050,Female,0,11,No,Fiber optic,70.14,765.99,No
CUST00051,Female,0,34,No,DSL,74.07,2716.56,No
CUST00052,Male,0,59,Yes,No,52.95,3166.72,No
CUST00053,Female,0,56,Yes,DSL,88.17,4573.6,No
CUST00054,Male,0,11,Yes,Fiber optic,90.89,1002.6,No
CUST00055,Male,0,47,Yes,No,57.08,2814.37,No
CUST00056,Male,0,23,Yes,DSL,91.2,2301.06,No
CUST00057,Female,0,11,No,DSL,83.43,974.89,No
CUST00058,Male,0,0,Yes,No,67.13,,No
CUST00059,Male,1,4,No,Fiber optic,97.95,402.62,Yes
CUST00060,Female,1,33,No,No,34.94,1027.98,No
CUST00061,Male,0,10,No,No,93.28,997.53,Yes
CUST00062,Female,1,51,No,Fiber optic,68.68,3542.92,Yes
CUST00063,Female,0,18,No,Fiber optic,59.01,1110.67,No
CUST00064,Female,0,0,Yes,Fiber optic,109.27,,Yes
CUST00065,Female,0,43,No,Fiber optic,62.67,3053.32,No
CUST00066,Female,0,49,No,Fiber optic,92.73,4631.89,No
CUST00067,Female,0,3,No,Fiber optic,102.38,310.61,Yes
CUST00068,Female,0,38,Yes,Fiber optic,59.9,2541.79,No
CUST00069,Male,0,2,No,Fiber optic,88.17,161.03,Yes
CUST00070,Male,0,4,Yes,Fiber optic,103.28,428.62,Yes
CUST00071,Female,1,8,Yes,Fiber optic,69.6,571.52,No
CUST00072,Female,1,8,No,DSL,98.87,727.01,Yes
CUST00073,Male,0,52,No,Fiber optic,23.78,884.7,No
CUST00074,Female,0,17,Yes,DSL,78.32,1500.85,No
CUST00075,Male,0,64,Yes,Fiber optic,27.71,1595.79,Yes
CUST00076,Female,1,52,Yes,DSL,62.84,3406.09,No
CUST00077,Female,0,30,No,Fiber optic,54.07,1485.75,No
CUST00078,Male,0,54,No,DSL,59.78,3276.38,No
CUST00079,Male,0,8,Yes,No,68.11,581.5,No
CUST00080,Male,0,51,No,DSL,24.46,921.57,No
CUST00081,Female,0,9,No,Fiber optic,75.91,642.82,Yes
CUST00082,Male,0,32,Yes,DSL,29.22,682.78,No
CUST00083,Female,0,6,Yes,DSL,97.12,,Yes
CUST00084,Male,0,14,No,DSL,46.33,736.39,No
CUST00085,Female,0,19,Yes,Fiber optic,36.23,590.85,No
CUST00086,Female,0,10,Yes,No,69.42,771.3,No
CUST00087,Female,0,55,No,No,26.21,1874.92,No
CUST00088,Male,1,50,Yes,Fiber optic,32.89,1771.83,No
CUST00089,Male,0,4,Yes,Fiber optic,80.94,357.88,No
CUST00090,Female,0,0,Yes,Fiber optic,100.85,,Yes
CUST00091,Male,0,17,No,No,83.88,1301.22,No
CUST00092,Female,1,10,No,Fiber optic,85.92,860.87,Yes
CUST00093,Male,0,45,Yes,DSL,87.45,,No
CUST00094,Male,0,55,Yes,DSL,34.92,1535.81,No
CUST00095,Male,0,8,Yes,Fiber optic,97.21,725.0,Yes
CUST00096,Male,0,5,No,Fiber optic,91.18,465.45,Yes
CUST00097,Female,0,9,Yes,DSL,63.42,484.14,No
CUST00098,Female,0,0,No,DSL,107.24,,No
CUST00099,Male,0,8,No,No,70.16,554.38,Yes
CUST00100,Male,0,1,No,No,101.28,97.68,Yes
CUST00101,Female,0,51,No,No,96.44,5374.56,No
CUST00102,Male,0,8,No,Fiber optic,74.72,666.23,No
CUST00103,Male,1,12,No,DSL,51.57,678.36,No
CUST00104,Female,0,52,No,No,39.57,2066.28,No
CUST00105,Female,0,69,Yes,Fiber optic,67.53,4438.4,No
CUST00106,Female,1,48,No,Fiber optic,49.15,2804.18,No
CUST00107,Female,0,2,Yes,Fiber optic,82.81,176.72,Yes
CUST00108,Female,0,33,No,Fiber optic,53.18,1669.24,Yes
CUST00109,Male,0,3,Yes,DSL,73.62,194.16,Yes
CUST00110,Female,0,20,Yes,DSL,29.65,722.95,No
CUST00111,Female,1,38,No,Fiber optic,24.28,963.3,No
CUST00112,Female,1,9,Yes,No,84.31,841.73,Yes
CUST00113,Male,0,42,Yes,No,36.99,,No
CUST00114,Female,0,3,No,DSL,94.32,294.51,Yes
CUST00115,Male,0,28,Yes,Fiber optic,72.16,,No
CUST00116,Male,0,8,No,DSL,64.39,456.87,No
CUST00117,Male,1,8,No,Fiber optic,95.12,708.84,No
CUST00118,Male,1,69,Yes,No,77.44,5849.41,No
CUST00119,Male,0,7,No,DSL,100.0,736.21,Yes
CUST00120,Male,0,0,Yes,Fiber optic,62.25,,Yes
CUST00121,Female,0,8,No,DSL,94.03,811.53,No
CUST00122,Female,0,14,No,Fiber optic,52.59,604.33,No
CUST00123,Female,0,41,Yes,Fiber optic,47.5,2000.29,Yes
CUST00124,Female,0,3,No,Fiber optic,79.15,243.97,No
CUST00125,Female,1,4,Yes,Fiber optic,96.95,422.23,No
CUST00126,Female,0,35,Yes,Fiber optic,30.43,1371.42,No
CUST00127,Female,0,4,No,Fiber optic,89.59,342.41,No
CUST00128,Female,0,63,No,DSL,48.72,2839.8,No
CUST00129,Female,0,62,No,DSL,80.75,4510.26,No
CUST00130,Male,0,6,No,DSL,90.39,582.37,Yes
CUST00131,Male,0,8,No,Fiber optic,107.3,924.83,Yes
CUST00132,Female,1,71,No,DSL,68.64,5568.27,No
CUST00133,Male,0,21,Yes,DSL,64.25,1354.97,No
CUST00134,Female,1,20,Yes,DSL,49.16,854.43,No
CUST00135,Male,1,7,No,Fiber optic,108.66,823.83,No
CUST00136,Male,0,42,Yes,No,34.27,1267.87,No
CUST00137,Male,0,30,Yes,Fiber optic,65.29,2224.12,No
CUST00138,Female,0,43,No,DSL,23.74,874.31,No
CUST00139,Male,1,3,Yes,DSL,69.0,188.29,No
CUST00140,Male,0,51,Yes,DSL,74.62,4061.99,No
CUST00141,Female,0,31,No,No,42.4,1432.88,No
CUST00142,Female,0,23,Yes,Fiber optic,97.15,2454.29,Yes
CUST00143,Male,0,38,Yes,DSL,62.19,2427.05,No
CUST00144,Male,1,22,No,DSL,28.89,,No
CUST00145,Female,0,12,Yes,Fiber optic,26.82,420.63,No
CUST00146,Female,1,31,Yes,DSL,88.77,2656.65,No
CUST00147,Female,1,32,Yes,Fiber optic,32.52,1291.19,No
CUST00148,Female,0,4,No,Fiber optic,90.32,400.75,No
CUST00149,Male,0,39,No,No,94.69,3890.42,No
CUST00150,Male,0,10,Yes,Fiber optic,108.98,1079.69,No
CUST00151,Female,0,49,Yes,Fiber optic,57.99,3245.15,Yes
CUST00152,Female,0,35,No,DSL,98.48,3732.54,No
CUST00153,Male,0,59,No,No,76.67,4774.82,No
CUST00154,Female,0,3,Yes,Fiber optic,81.63,252.64,No
CUST00155,Male,0,5,No,DSL,97.58,529.33,Yes
CUST00156,Female,0,23,No,DSL,83.66,1976.92,No
CUST00157,Male,0,12,No,DSL,97.41,1151.91,No
CUST00158,Male,0,4,Yes,Fiber optic,67.94,265.2,No
CUST00159,Male,0,11,Yes,DSL,87.7,968.76,Yes
CUST00160,Female,0,58,No,Fiber optic,79.1,4511.2,Yes
CUST00161,Male,1,29,Yes,DSL,82.17,2477.08,No
CUST00162,Male,0,12,Yes,No,21.0,,No
CUST00163,Male,0,1,No,Fiber optic,93.29,102.05,Yes
CUST00164,Male,0,26,No,Fiber optic,66.38,1477.61,Yes
CUST00165,Male,0,8,No,Fiber optic,93.99,723.85,No
CUST00166,Male,0,37,No,DSL,24.85,684.56,No
CUST00167,Female,0,4,No,No,79.56,328.61,No
CUST00168,Male,0,54,No,DSL,33.75,1621.48,No
CUST00169,Male,1,10,No,DSL,70.06,790.17,No
CUST00170,Female,0,47,Yes,Fiber optic,92.69,4304.79,No
CUST00171,Male,0,0,No,DSL,102.29,,Yes
CUST00172,Male,0,54,Yes,Fiber optic,87.86,4667.4,No
CUST00173,Male,0,71,No,DSL,85.91,6134.65,No
CUST00174,Female,0,1,No,DSL,61.72,55.96,No
CUST00175,Male,0,19,Yes,Fiber optic,80.54,1576.57,Yes
CUST00176,Male,0,67,No,DSL,81.76,6017.63,No
CUST00177,Female,0,38,Yes,Fiber optic,33.11,927.4,Yes
CUST00178,Male,1,63,Yes,DSL,31.93,2536.35,No
CUST00179,Female,1,37,No,No,89.6,3347.57,No
CUST00180,Female,0,6,No,No,103.79,598.54,Yes
CUST00181,Female,0,2,Yes,No,109.23,213.5,No
CUST00182,Male,0,67,Yes,No,75.15,5492.04,No
CUST00183,Male,0,44,No,Fiber optic,41.5,2207.18,No
CUST00184,Female,0,26,Yes,Fiber optic,41.61,1149.13,No
CUST00185,Female,0,65,No,Fiber optic,54.22,3295.59,Yes
CUST00186,Male,0,67,No,Fiber optic,43.56,2463.17,No
CUST00187,Male,0,17,Yes,DSL,55.44,1075.7,No
CUST00188,Female,1,0,Yes,DSL,109.01,,Yes
CUST00189,Female,0,16,Yes,Fiber optic,74.11,1305.93,Yes
CUST00190,Female,0,11,Yes,DSL,80.89,783.29,No
CUST00191,Female,0,60,Yes,No,44.55,2625.51,No
CUST00192,Male,0,4,Yes,No,70.83,280.15,Yes
CUST00193,Male,0,49,Yes,DSL,84.05,,No
CUST00194,Male,1,52,Yes,DSL,58.55,2755.46,No
CUST00195,Male,1,2,No,Fiber optic,100.35,194.24,Yes
CUST00196,Female,1,41,No,DSL,79.98,3148.7,Yes
CUST00197,Female,0,12,No,Fiber optic,45.12,493.66,No
CUST00198,Female,0,5,Yes,Fiber optic,73.11,324.13,No
CUST00199,Male,0,36,No,DSL,89.63,3480.68,No
CUST00200,Female,0,72,No,Fiber optic,70.58,4817.77,No
CUST00201,Male,1,1,Yes,Fiber optic,91.36,100.54,No
CUST00202,Male,0,58,Yes,Fiber optic,51.18,2650.35,No
CUST00203,Female,0,9,No,No,77.51,632.19,No
CUST00204,Female,0,1,Yes,DSL,99.23,105.6,Yes
CUST00205,Male,0,66,Yes,No,63.8,3894.42,No
CUST00206,Female,1,16,Yes,DSL,99.42,1692.97,Yes
CUST00207,Female,0,20,No,No,48.2,1138.67,No
CUST00208,Male,0,1,Yes,Fiber optic,93.27,98.0,No
CUST00209,Female,1,58,Yes,DSL,72.26,4617.33,No
CUST00210,Male,0,10,Yes,DSL,75.67,779.69,Yes
CUST00211,Male,0,8,Yes,No,66.61,492.42,No
CUST00212,Male,0,32,Yes,Fiber optic,21.1,518.19,No
CUST00213,Male,1,44,No,DSL,94.93,4019.12,No
CUST00214,Female,0,40,Yes,Fiber optic,27.72,811.09,No
CUST00215,Female,0,62,Yes,DSL,45.13,2728.39,No
CUST00216,Male,0,7,No,No,98.69,666.24,Yes
CUST00217,Male,0,19,Yes,DSL,47.35,801.91,No
CUST00218,Male,0,64,No,No,75.52,4964.51,No
CUST00219,Female,0,11,No,No,68.39,686.33,No
CUST00220,Female,1,17,Yes,No,62.52,1225.3,No
CUST00221,Female,0,64,Yes,DSL,45.98,2893.98,No
CUST00222,Female,0,70,No,DSL,81.09,5072.85,No
CUST00223,Female,0,18,No,No,25.27,396.08,No
CUST00224,Male,0,9,No,Fiber optic,88.92,746.94,No
CUST00225,Male,0,19,Yes,Fiber optic,81.02,1671.8,No
CUST00226,Male,0,7,No,DSL,85.81,,Yes
CUST00227,Male,0,65,Yes,DSL,86.02,5961.32,No
CUST00228,Female,0,31,No,Fiber optic,49.38,1609.02,No
CUST00229,Male,0,13,Yes,Fiber optic,70.18,1003.85,Yes
CUST00230,Male,1,26,No,No,75.23,2037.68,No
CUST00231,Male,0,69,Yes,No,98.48,6750.39,No
CUST00232,Female,1,22,Yes,DSL,65.83,1263.48,No
CUST00233,Male,1,37,Yes,Fiber optic,82.0,2772.61,No
CUST00234,Male,0,7,No,DSL,66.53,431.49,No
CUST00235,Male,0,23,No,Fiber optic,51.08,1383.74,Yes
CUST00236,Male,0,8,No,Fiber optic,64.6,438.85,Yes
CUST00237,Female,0,40,No,Fiber optic,84.05,3364.59,No
CUST00238,Female,0,56,No,DSL,56.98,2740.29,No
CUST00239,Female,0,2,Yes,Fiber optic,89.46,179.0,No
CUST00240,Female,0,10,Yes,No,70.55,661.27,Yes
CUST00241,Male,0,70,Yes,No,86.4,5611.75,No
CUST00242,Male,0,47,Yes,DSL,95.39,4764.09,No
CUST00243,Male,0,32,No,DSL,56.65,2028.97,No
CUST00244,Male,1,1,Yes,No,70.44,66.98,Yes
CUST00245,Male,0,63,Yes,DSL,21.0,1921.92,No
CUST00246,Female,0,20,Yes,DSL,61.15,1283.78,No
CUST00247,Female,0,2,No,DSL,77.74,136.55,No
CUST00248,Male,0,24,Yes,No,47.3,1141.9,No
CUST00249,Female,0,11,Yes,Fiber optic,66.65,756.96,No
CUST00250,Male,0,72,No,DSL,73.08,5765.67,No
CUST00251,Female,0,51,No,Fiber optic,51.06,2983.71,No
CUST00252,Female,0,32,Yes,DSL,52.48,1563.99,No
CUST00253,Female,1,3,No,Fiber optic,80.74,240.69,No
CUST00254,Male,0,63,No,Fiber optic,72.03,4665.41,No
CUST00255,Female,0,32,No,No,94.43,3122.52,No
CUST00256,Male,1,72,No,Fiber optic,72.16,5836.84,Yes
CUST00257,Female,0,55,No,No,65.2,3764.83,No
CUST00258,Female,1,29,Yes,DSL,70.82,2204.61,No
CUST00259,Male,0,3,No,No,104.27,332.74,No
CUST00260,Female,0,44,No,DSL,33.96,1134.63,No
CUST00261,Female,0,5,No,Fiber optic,68.52,333.6,Yes
CUST00262,Male,0,30,No,Fiber optic,28.5,815.1,No
CUST00263,Male,1,50,No,Fiber optic,92.48,4504.16,No
CUST00264,Male,1,34,No,Fiber optic,27.14,791.91,No
CUST00265,Female,0,61,Yes,DSL,31.28,1731.96,No
CUST00266,Female,0,64,Yes,DSL,67.74,3885.2,No
CUST00267,Male,0,23,No,Fiber optic,30.24,768.81,No
CUST00268,Female,0,11,Yes,DSL,84.13,995.32,No
CUST00269,Female,1,8,Yes,Fiber optic,91.41,,Yes
CUST00270,Female,0,30,Yes,DSL,68.41,2237.35,No
CUST00271,Female,0,0,No,No,107.03,,No
CUST00272,Male,0,50,No,DSL,38.55,1760.93,No
CUST00273,Female,0,70,Yes,Fiber optic,52.75,3203.47,No
CUST00274,Female,0,28,Yes,DSL,45.15,1195.54,No
CUST00275,Male,0,6,No,DSL,76.18,474.01,No
CUST00276,Female,1,64,No,DSL,33.05,2326.54,No
CUST00277,Female,0,11,No,DSL,72.64,742.46,No
CUST00278,Male,0,29,Yes,DSL,95.4,2894.93,No
CUST00279,Female,1,70,Yes,Fiber optic,92.26,6604.7,No
CUST00280,Female,0,70,No,Fiber optic,38.47,2322.1,No
CUST00281,Male,0,34,No,Fiber optic,34.69,1037.15,No
CUST00282,Female,0,7,No,No,69.18,550.35,No
CUST00283,Male,0,44,Yes,Fiber optic,78.69,3150.8,No
CUST00284,Female,0,42,Yes,Fiber optic,97.0,4344.18,Yes
CUST00285,Male,1,0,Yes,Fiber optic,60.82,,Yes
CUST00286,Male,0,56,No,Fiber optic,59.3,3251.75,Yes
CUST00287,Male,0,16,Yes,Fiber optic,80.94,,No
CUST00288,Male,0,47,Yes,Fiber optic,92.83,4827.49,No
CUST00289,Female,1,15,No,DSL,91.3,1305.28,Yes
CUST00290,Male,0,64,No,No,25.69,,No
CUST00291,Female,0,29,Yes,No,34.39,1241.13,No
CUST00292,Female,1,18,No,No,52.61,917.21,No
CUST00293,Female,0,23,No,Fiber optic,98.59,2483.35,No
CUST00294,Female,0,9,Yes,No,86.08,751.96,No
CUST00295,Male,0,20,No,No,57.82,989.62,No
CUST00296,Male,0,29,Yes,Fiber optic,29.15,1009.45,No
CUST00297,Female,0,0,No,Fiber optic,93.41,,Yes
CUST00298,Female,0,11,No,No,61.31,720.25,No
CUST00299,Female,0,30,No,Fiber optic,90.57,2439.18,No
CUST00300,Female,1,61,No,No,75.84,5019.1,Yes
CUST00301,Male,0,65,No,Fiber optic,33.36,2478.73,No
CUST00302,Male,0,8,No,DSL,66.68,515.13,No
CUST00303,Female,0,1,No,DSL,63.12,71.86,No
CUST00304,Male,0,50,No,Fiber optic,55.6,2453.35,Yes
CUST00305,Male,0,65,No,Fiber optic,89.63,5329.32,No
CUST00306,Female,0,8,Yes,DSL,81.51,596.31,Yes
CUST00307,Male,0,35,Yes,Fiber optic,53.46,1641.07,No
CUST00308,Male,0,7,No,DSL,64.7,467.99,No
CUST00309,Female,0,11,No,DSL,103.74,1190.36,No
CUST00310,Male,0,0,Yes,DSL,76.72,,Yes
CUST00311,Male,0,20,Yes,Fiber optic,86.43,1867.52,No
CUST00312,Male,0,29,Yes,Fiber optic,87.33,2382.5,Yes
CUST00313,Male,0,37,No,DSL,69.45,2683.56,No
CUST00314,Female,0,4,No,Fiber optic,74.44,270.86,Yes
CUST00315,Female,1,0,Yes,Fiber optic,77.99,,Yes
CUST00316,Female,0,17,Yes,Fiber optic,94.71,1612.09,No
CUST00317,Female,0,0,Yes,DSL,83.95,,No
CUST00318,Female,0,10,Yes,Fiber optic,101.05,1082.68,Yes
CUST00319,Male,0,40,Yes,Fiber optic,99.71,4196.67,Yes
CUST00320,Male,0,44,No,Fiber optic,41.51,1885.53,No
CUST00321,Male,1,8,No,Fiber optic,92.3,699.89,Yes
CUST00322,Female,0,10,Yes,DSL,61.15,586.4,No
CUST00323,Female,0,9,Yes,Fiber optic,78.3,740.63,No
CUST00324,Male,0,43,Yes,DSL,44.1,1935.84,No
CUST00325,Female,1,38,Yes,No,85.7,,No
CUST00326,Male,0,22,No,DSL,57.08,1407.21,No
CUST00327,Female,0,70,Yes,DSL,74.46,5066.5,No
CUST00328,Female,1,42,Yes,DSL,21.36,702.69,No
CUST00329,Male,0,70,No,DSL,94.53,6247.45,No
CUST00330,Female,0,66,No,Fiber optic,69.81,5087.73,No
CUST00331,Male,0,66,No,No,94.12,5656.21,No
CUST00332,Female,1,30,No,Fiber optic,61.79,2003.86,Yes
CUST00333,Female,0,68,No,DSL,31.41,2765.2,No
CUST00334,Female,0,12,No,DSL,64.97,854.64,No
CUST00335,Male,0,31,No,Fiber optic,65.65,1958.54,No
CUST00336,Male,1,5,Yes,Fiber optic,109.99,592.69,Yes
CUST00337,Male,1,50,Yes,DSL,86.81,4054.79,No
CUST00338,Male,1,7,No,DSL,67.29,515.03,No
CUST00339,Female,0,34,No,DSL,69.86,2287.06,No
CUST00340,Male,0,32,No,Fiber optic,26.65,705.24,Yes
CUST00341,Female,0,40,No,No,25.69,1256.97,No
CUST00342,Female,0,51,No,Fiber optic,81.44,3688.5,No
CUST00343,Female,0,36,No,DSL,26.77,1044.77,No
CUST00344,Male,0,10,No,DSL,83.68,,No
CUST00345,Female,0,20,Yes,Fiber optic,47.85,849.22,No
CUST00346,Female,0,6,No,DSL,78.85,498.36,No
CUST00347,Male,0,6,No,Fiber optic,80.8,501.07,Yes
CUST00348,Female,0,12,Yes,DSL,52.8,636.35,No
CUST00349,Male,1,58,Yes,Fiber optic,27.81,1188.03,No
CUST00350,Male,0,61,No,DSL,69.75,,No
CUST00351,Female,0,8,Yes,Fiber optic,106.24,809.53,No
CUST00352,Male,0,44,Yes,Fiber optic,79.79,3420.8,No
CUST00353,Male,0,58,Yes,DSL,53.63,2788.33,No
CUST00354,Male,0,6,No,Fiber optic,101.95,634.82,No
CUST00355,Female,0,31,Yes,DSL,85.7,2787.35,No
CUST00356,Female,0,67,No,No,83.7,5129.14,No
CUST00357,Female,0,64,No,No,46.7,2624.62,No
CUST00358,Female,0,16,Yes,DSL,58.92,917.93,No
CUST00359,Male,0,1,Yes,No,80.0,89.37,No
CUST00360,Male,0,7,No,DSL,80.8,539.8,No
CUST00361,Female,1,46,Yes,Fiber optic,29.84,1694.91,Yes
CUST00362,Female,1,42,Yes,Fiber optic,29.65,1064.34,No
CUST00363,Male,0,13,Yes,No,30.75,308.25,No
CUST00364,Female,0,70,No,DSL,81.54,6072.68,No
CUST00365,Female,0,58,Yes,DSL,62.49,4138.81,No
CUST00366,Female,0,14,No,Fiber optic,26.82,500.39,No
CUST00367,Male,1,55,Yes,No,82.17,,No
CUST00368,Female,0,12,Yes,Fiber optic,44.26,494.58,Yes
CUST00369,Male,0,19,Yes,No,55.28,979.87,No
CUST00370,Male,0,6,Yes,Fiber optic,102.25,640.56,No
CUST00371,Male,0,3,Yes,Fiber optic,70.48,215.41,No
CUST00372,Female,0,16,No,DSL,29.34,476.29,No
CUST00373,Female,0,42,No,Fiber optic,85.84,3246.32,No
CUST00374,Female,1,8,No,DSL,61.88,444.96,Yes
CUST00375,Female,0,5,Yes,Fiber optic,95.11,428.04,Yes
CUST00376,Female,1,0,Yes,Fiber optic,91.83,,No
CUST00377,Male,0,22,No,Fiber optic,87.91,1973.81,No
CUST00378,Male,0,16,No,DSL,87.92,1263.71,No
CUST00379,Female,0,10,Yes,No,77.83,860.18,No
CUST00380,Male,0,2,Yes,DSL,80.56,168.97,Yes
CUST00381,Male,0,2,Yes,No,67.34,126.62,No
CUST00382,Female,1,17,No,No,94.88,1632.85,Yes
CUST00383,Male,0,12,Yes,DSL,41.17,574.27,No
CUST00384,Male,0,12,Yes,DSL,27.74,440.42,No
CUST00385,Female,0,66,No,DSL,64.73,,No
CUST00386,Male,0,45,Yes,Fiber optic,28.96,1481.41,No
CUST00387,Male,0,22,Yes,DSL,81.29,1828.57,No
CUST00388,Male,0,58,No,No,53.91,2653.97,No
CUST00389,Male,1,10,Yes,DSL,75.22,801.18,Yes
CUST00390,Male,0,5,No,Fiber optic,84.05,,Yes
CUST00391,Female,0,66,Yes,Fiber optic,49.77,2813.68,No
CUST00392,Male,1,51,No,DSL,89.85,5086.05,Yes
CUST00393,Female,1,44,No,Fiber optic,82.38,3193.45,Yes
CUST00394,Male,0,72,No,Fiber optic,76.13,5431.28,No
CUST00395,Male,0,32,Yes,No,47.38,1683.12,No
CUST00396,Female,0,4,Yes,DSL,98.39,,No
CUST00397,Female,0,50,Yes,DSL,31.93,1198.68,No
CUST00398,Female,0,12,No,DSL,32.48,297.52,No
CUST00399,Male,0,5,No,Fiber optic,69.86,386.29,Yes
CUST00400,Male,0,40,No,No,78.59,2937.94,No
CUST00401,Female,0,7,No,No,91.46,613.86,No
CUST00402,Female,0,33,No,DSL,80.16,2485.66,No
CUST00403,Female,1,17,Yes,DSL,30.63,389.58,No
CUST00404,Female,0,3,No,DSL,72.64,206.57,Yes
CUST00405,Female,0,42,No,Fiber optic,94.19,3849.87,Yes
CUST00406,Female,0,47,Yes,No,79.86,3594.28,No
CUST00407,Female,0,31,No,Fiber optic,73.81,2095.24,No
CUST00408,Male,0,66,No,DSL,23.31,1500.5,No
CUST00409,Female,1,15,Yes,DSL,91.9,1449.91,Yes
CUST00410,Female,0,20,No,Fiber optic,73.91,1336.88,No
CUST00411,Female,1,47,Yes,DSL,35.49,1526.09,No
CUST00412,Male,0,65,No,No,94.86,,No
CUST00413,Male,0,25,No,Fiber optic,54.85,1420.45,No
CUST00414,Female,0,9,No,Fiber optic,107.16,,Yes
CUST00415,Female,1,54,Yes,Fiber optic,92.02,5453.47,Yes
CUST00416,Male,0,9,Yes,No,90.55,752.43,Yes
CUST00417,Female,1,20,No,DSL,32.38,787.62,Yes
CUST00418,Female,0,69,No,Fiber optic,66.69,4952.23,No
CUST00419,Female,0,35,No,No,56.82,1861.74,No
CUST00420,Female,0,52,No,Fiber optic,44.94,2115.52,No
CUST00421,Female,0,53,No,DSL,70.94,3690.12,No
CUST00422,Male,0,56,Yes,DSL,37.41,1634.21,No
CUST00423,Male,0,2,No,No,73.06,153.25,Yes
CUST00424,Male,0,48,No,DSL,25.92,1333.17,No
CUST00425,Female,0,63,No,Fiber optic,86.84,5274.15,No
CUST00426,Male,0,44,Yes,Fiber optic,61.98,3067.28,Yes
CUST00427,Male,1,23,Yes,Fiber optic,61.83,1401.38,No
CUST00428,Female,0,48,Yes,DSL,77.72,3476.66,No
CUST00429,Male,0,51,No,Fiber optic,86.7,4780.29,Yes
CUST00430,Female,0,11,No,DSL,101.65,1076.83,Yes
CUST00431,Male,0,0,No,Fiber optic,91.03,,Yes
CUST00432,Male,0,8,No,Fiber optic,102.15,836.48,Yes
CUST00433,Female,0,40,Yes,DSL,95.15,4191.25,No
CUST00434,Female,0,43,No,Fiber optic,96.97,3790.5,Yes
CUST00435,Male,0,24,No,No,74.74,1707.38,No
CUST00436,Female,0,40,Yes,DSL,80.4,3003.89,No
CUST00437,Female,0,12,Yes,DSL,45.6,648.29,No
CUST00438,Female,0,43,No,Fiber optic,25.31,1163.22,No
CUST00439,Female,0,0,Yes,Fiber optic,67.98,,Yes
CUST00440,Male,1,45,Yes,DSL,39.71,1839.24,Yes
CUST00441,Female,1,4,Yes,Fiber optic,77.74,347.22,Yes
CUST00442,Female,0,70,Yes,Fiber optic,81.17,6178.54,No
CUST00443,Male,0,59,No,Fiber optic,24.05,912.4,No
CUST00444,Female,0,7,No,Fiber optic,90.36,644.9,Yes
CUST00445,Female,0,54,No,Fiber optic,85.26,5099.84,Yes
CUST00446,Female,1,59,Yes,DSL,56.77,3352.44,No
CUST00447,Female,0,55,Yes,DSL,70.68,3648.93,No
CUST00448,Male,0,11,No,DSL,68.05,726.49,No
CUST00449,Male,0,67,Yes,DSL,90.96,6260.37,No
CUST00450,Female,1,7,Yes,Fiber optic,82.66,518.79,Yes
CUST00451,Male,0,70,No,DSL,23.11,1012.69,No
CUST00452,Female,0,3,No,DSL,69.98,181.21,No
CUST00453,Female,0,32,Yes,DSL,94.69,2916.79,No
CUST00454,Male,0,72,No,DSL,93.99,6791.05,No
CUST00455,Female,0,28,No,Fiber optic,47.14,1580.23,No
CUST00456,Female,0,4,Yes,DSL,71.55,315.24,No
CUST00457,Male,0,27,Yes,DSL,84.6,,No
CUST00458,Female,0,31,Yes,DSL,75.29,2320.51,No
CUST00459,Female,0,28,Yes,DSL,66.92,1984.57,No
CUST00460,Female,1,10,Yes,DSL,63.87,731.08,No
CUST00461,Male,0,12,No,Fiber optic,99.69,1154.17,No
CUST00462,Female,0,28,Yes,No,78.51,2320.93,No
CUST00463,Male,1,13,Yes,No,87.98,1045.25,No
CUST00464,Male,0,20,Yes,DSL,75.79,1328.86,No
CUST00465,Male,0,21,No,Fiber optic,64.08,1395.3,No
CUST00466,Male,0,3,No,DSL,103.02,,Yes
CUST00467,Female,0,3,No,Fiber optic,92.96,282.34,Yes
CUST00468,Male,1,46,Yes,No,67.85,3106.47,Yes
CUST00469,Female,0,46,No,DSL,84.79,3491.45,No
CUST00470,Male,0,0,No,DSL,89.31,,Yes
CUST00471,Female,0,7,Yes,Fiber optic,64.74,385.99,No
CUST00472,Male,1,50,No,No,28.62,1565.65,No
CUST00473,Female,0,11,Yes,Fiber optic,74.69,900.93,Yes
CUST00474,Male,0,9,No,Fiber optic,80.78,787.25,Yes
CUST00475,Male,0,65,No,DSL,85.85,5364.08,No
CUST00476,Male,0,25,No,No,23.8,466.64,No
CUST00477,Female,1,33,Yes,DSL,71.65,2069.21,Yes
CUST00478,Female,0,0,Yes,DSL,71.37,,No
CUST00479,Female,0,26,Yes,Fiber optic,40.01,1097.23,Yes
CUST00480,Male,0,58,Yes,DSL,32.48,1980.45,No
CUST00481,Male,0,52,Yes,Fiber optic,45.96,2605.24,Yes
CUST00482,Male,0,4,No,DSL,68.57,290.9,No
CUST00483,Female,0,5,Yes,DSL,66.85,380.99,No
CUST00484,Female,0,49,Yes,No,30.2,1280.28,No
CUST00485,Male,0,60,No,DSL,90.37,,No
CUST00486,Female,0,2,No,No,92.88,175.4,No
CUST00487,Female,0,19,No,DSL,95.72,1850.73,No
CUST00488,Female,0,42,No,No,23.76,1277.77,No
CUST00489,Female,1,8,Yes,Fiber optic,69.66,524.08,No
CUST00490,Male,0,37,Yes,No,43.78,1925.0,No
CUST00491,Male,1,53,Yes,DSL,32.92,2157.57,No
CUST00492,Male,0,1,Yes,No,86.22,94.71,Yes
CUST00493,Female,0,35,No,Fiber optic,54.24,2140.6,No
CUST00494,Male,1,8,Yes,DSL,66.39,468.78,No
CUST00495,Female,0,68,Yes,Fiber optic,30.3,1532.78,No
CUST00496,Male,0,27,No,DSL,78.89,1920.58,No
CUST00497,Male,0,7,No,No,72.35,484.83,No
CUST00498,Female,0,24,No,No,25.86,565.34,No
CUST00499,Male,0,26,Yes,DSL,53.59,1356.76,No
CUST00500,Male,1,43,Yes,Fiber optic,98.66,4435.23,No
CUST00501,Male,0,3,Yes,Fiber optic,79.27,239.97,Yes
CUST00502,Male,1,8,Yes,Fiber optic,66.94,580.53,No
CUST00503,Female,0,18,No,Fiber optic,51.25,,No
CUST00504,Male,0,44,Yes,DSL,83.82,3560.05,No
CUST00505,Male,0,52,Yes,No,23.3,1096.74,No
CUST00506,Female,0,7,Yes,Fiber optic,109.88,781.82,Yes
CUST00507,Female,1,0,Yes,DSL,61.91,,Yes
CUST00508,Male,0,53,No,Fiber optic,68.41,4027.85,No
CUST00509,Female,0,12,Yes,DSL,85.81,1065.08,No
CUST00510,Male,0,56,No,No,79.21,4341.26,No
CUST00511,Male,0,49,No,No,36.71,1410.11,No
CUST00512,Male,0,43,Yes,No,88.59,3981.83,No
CUST00513,Female,0,11,Yes,DSL,89.74,967.51,Yes
CUST00514,Male,0,47,Yes,No,62.71,3360.84,No
CUST00515,Male,0,9,No,No,95.9,,Yes
CUST00516,Male,0,22,No,Fiber optic,45.91,1205.49,No
CUST00517,Male,0,27,No,Fiber optic,48.27,1082.44,No
CUST00518,Male,0,7,No,No,69.35,532.73,No
CUST00519,Female,0,39,No,Fiber optic,86.41,3592.9,No
CUST00520,Female,0,2,Yes,No,84.14,159.3,Yes
CUST00521,Female,0,42,Yes,Fiber optic,53.98,2629.45,No
CUST00522,Male,0,22,No,No,42.66,752.88,No
CUST00523,Male,1,12,Yes,No,58.59,757.11,No
CUST00524,Female,1,5,No,No,84.25,,No
CUST00525,Male,0,20,No,DSL,87.69,1931.95,No
CUST00526,Male,0,16,No,Fiber optic,90.45,1367.63,No
CUST00527,Male,0,6,No,DSL,69.07,437.26,No
CUST00528,Male,0,34,No,No,21.42,1037.35,No
CUST00529,Female,1,53,No,Fiber optic,58.01,3013.72,No
CUST00530,Female,0,31,No,DSL,53.89,1411.29,No
CUST00531,Male,0,45,No,DSL,80.15,3824.28,No
CUST00532,Male,1,1,Yes,DSL,90.62,84.38,No
CUST00533,Female,0,0,Yes,DSL,77.0,,Yes
CUST00534,Male,0,67,Yes,DSL,98.45,6706.43,No
CUST00535,Female,0,19,Yes,DSL,30.0,671.59,No
CUST00536,Female,1,0,Yes,DSL,81.15,,No
CUST00537,Female,0,37,No,DSL,96.8,3302.44,No
CUST00538,Female,0,13,No,Fiber optic,55.77,752.1,Yes
CUST00539,Male,0,5,Yes,DSL,80.09,367.33,Yes
CUST00540,Male,0,69,Yes,DSL,91.34,6273.35,No
CUST00541,Male,0,17,Yes,No,39.05,806.54,No
CUST00542,Male,0,11,No,DSL,92.78,1000.79,No
CUST00543,Male,0,38,No,No,98.34,3982.68,No
CUST00544,Female,1,2,Yes,Fiber optic,85.13,158.17,No
CUST00545,Female,0,6,Yes,DSL,78.19,489.91,Yes
CUST00546,Male,0,12,Yes,Fiber optic,50.8,688.22,No
CUST00547,Male,0,1,No,No,99.61,,Yes
CUST00548,Female,0,47,No,DSL,49.99,2636.88,No
CUST00549,Female,0,72,Yes,Fiber optic,94.36,,No
CUST00550,Female,0,8,No,Fiber optic,72.52,526.76,Yes
CUST00551,Male,0,3,Yes,DSL,99.53,323.52,No
CUST00552,Female,0,23,Yes,DSL,24.19,341.2,No
CUST00553,Female,1,40,Yes,DSL,68.95,3059.39,No
CUST00554,Male,0,12,No,Fiber optic,98.05,1158.04,Yes
CUST00555,Female,0,31,Yes,No,73.54,2039.12,No
CUST00556,Female,0,5,No,Fiber optic,78.31,358.07,No
CUST00557,Female,0,19,No,No,99.81,1933.33,No
CUST00558,Male,0,16,No,No,27.6,415.75,No
CUST00559,Female,1,6,No,DSL,92.13,566.27,No
CUST00560,Female,0,18,Yes,Fiber optic,21.68,559.95,No
CUST00561,Female,0,45,Yes,Fiber optic,81.68,3907.13,No
CUST00562,Female,0,64,No,No,92.2,6426.13,No
CUST00563,Male,0,12,No,Fiber optic,23.86,292.7,No
CUST00564,Male,1,1,No,DSL,91.86,92.24,Yes
CUST00565,Male,1,0,Yes,Fiber optic,87.65,,No
CUST00566,Male,0,54,No,DSL,53.54,,No
CUST00567,Female,0,6,No,No,106.26,592.21,Yes
CUST00568,Female,1,7,No,Fiber optic,62.44,421.63,Yes
CUST00569,Female,1,32,Yes,No,34.12,1000.5,No
CUST00570,Female,1,9,Yes,DSL,86.35,,Yes
CUST00571,Female,1,33,No,DSL,39.7,1501.32,No
CUST00572,Female,0,69,Yes,Fiber optic,53.96,3491.66,No
CUST00573,Female,0,11,No,Fiber optic,63.4,606.62,Yes
CUST00574,Male,0,47,Yes,No,53.97,2069.77,No
CUST00575,Female,0,42,Yes,Fiber optic,42.97,1691.74,No
CUST00576,Female,0,12,Yes,Fiber optic,36.26,504.54,Yes
CUST00577,Female,0,29,No,Fiber optic,93.85,2546.49,No
CUST00578,Male,0,49,No,No,67.12,3570.97,No
CUST00579,Female,0,32,Yes,DSL,32.78,973.73,No
CUST00580,Female,0,23,Yes,Fiber optic,26.94,395.41,No
CUST00581,Male,0,21,No,No,72.22,1618.49,No
CUST00582,Male,0,67,No,Fiber optic,82.13,4886.67,No
CUST00583,Female,1,2,No,No,95.5,202.8,Yes
CUST00584,Female,0,3,No,Fiber optic,89.16,267.48,Yes
CUST00585,Female,0,58,Yes,Fiber optic,84.62,5474.73,No
CUST00586,Male,0,5,No,DSL,63.85,357.54,No
CUST00587,Female,0,0,No,DSL,62.09,,No
CUST00588,Male,0,3,Yes,DSL,68.48,192.06,No
CUST00589,Male,0,44,No,Fiber optic,27.15,891.83,Yes
CUST00590,Male,0,54,No,DSL,99.71,4986.15,No
CUST00591,Male,1,46,Yes,No,82.78,3811.48,No
CUST00592,Male,1,2,Yes,DSL,63.26,,Yes
CUST00593,Male,0,5,Yes,No,68.09,374.29,No
CUST00594,Female,0,68,No,DSL,47.05,2993.09,No
CUST00595,Female,0,33,Yes,DSL,31.12,1051.57,No
CUST00596,Male,0,0,Yes,DSL,103.94,,No
CUST00597,Male,1,64,No,DSL,94.58,6405.69,No
CUST00598,Female,0,38,Yes,DSL,95.57,3539.27,No
CUST00599,Female,0,69,Yes,No,45.79,3173.23,No
CUST00600,Male,1,11,No,Fiber optic,60.99,746.59,No
CUST00601,Female,0,6,No,DSL,74.06,428.01,No
CUST00602,Female,0,14,Yes,No,24.28,210.4,No
CUST00603,Female,0,4,No,Fiber optic,108.06,431.21,Yes
CUST00604,Female,0,33,Yes,Fiber optic,81.54,2363.14,No
CUST00605,Female,0,1,Yes,DSL,63.15,67.93,No
CUST00606,Female,0,65,Yes,Fiber optic,80.4,4891.94,No
CUST00607,Male,1,54,Yes,DSL,75.17,4082.12,Yes
CUST00608,Male,0,4,Yes,Fiber optic,102.9,423.88,Yes
CUST00609,Male,0,9,Yes,No,98.65,810.69,No
CUST00610,Male,0,23,No,DSL,84.7,2133.89,No
CUST00611,Female,0,25,Yes,DSL,66.61,1698.0,No
CUST00612,Female,1,17,Yes,Fiber optic,59.01,859.95,No
CUST00613,Female,0,63,No,DSL,97.89,6583.13,No
CUST00614,Male,1,52,No,No,80.76,4612.11,No
CUST00615,Male,0,38,Yes,Fiber optic,45.1,2011.07,No
CUST00616,Female,0,0,No,Fiber optic,82.29,,Yes
CUST00617,Female,0,72,No,Fiber optic,75.92,5230.26,No
CUST00618,Female,0,60,Yes,DSL,34.07,2184.01,No
CUST00619,Male,0,46,No,Fiber optic,87.07,4233.42,No
CUST00620,Male,1,9,No,DSL,93.99,834.18,Yes
CUST00621,Female,0,19,No,Fiber optic,74.66,1452.77,No
CUST00622,Male,0,11,Yes,No,99.24,,No
CUST00623,Male,0,68,Yes,No,56.98,3282.85,No
CUST00624,Female,0,4,No,DSL,69.91,240.77,No
CUST00625,Female,0,3,Yes,Fiber optic,94.81,281.87,Yes
CUST00626,Female,0,1,No,Fiber optic,103.56,107.24,No
CUST00627,Female,0,8,No,DSL,108.01,922.59,Yes
CUST00628,Female,0,12,No,DSL,32.09,296.15,No
CUST00629,Male,1,60,No,DSL,92.09,5808.0,No
CUST00630,Male,0,54,Yes,DSL,48.88,3172.31,No
CUST00631,Male,1,0,Yes,DSL,80.54,,Yes
CUST00632,Female,1,0,Yes,Fiber optic,70.58,,No
CUST00633,Female,0,0,No,No,106.23,,Yes
CUST00634,Female,0,69,Yes,DSL,32.49,2612.12,No
CUST00635,Male,0,7,No,Fiber optic,64.95,434.33,No
CUST00636,Male,0,10,Yes,DSL,96.99,927.87,No
CUST00637,Male,0,50,Yes,DSL,32.12,2047.64,No
CUST00638,Male,0,7,Yes,DSL,102.31,751.99,Yes
CUST00639,Male,0,35,No,Fiber optic,94.12,3045.51,No
CUST00640,Male,0,12,Yes,DSL,21.26,255.58,No
CUST00641,Male,0,59,No,No,60.26,3198.11,No
CUST00642,Female,0,4,Yes,Fiber optic,94.36,353.98,Yes
CUST00643,Male,0,53,No,DSL,98.34,4841.89,No
CUST00644,Female,1,5,Yes,Fiber optic,102.33,471.03,Yes
CUST00645,Male,0,11,No,Fiber optic,84.1,953.98,Yes
CUST00646,Female,0,61,Yes,DSL,82.52,5275.43,No
CUST00647,Male,0,56,No,Fiber optic,97.95,5134.5,Yes
CUST00648,Male,0,2,No,DSL,92.85,165.73,Yes
CUST00649,Female,1,0,No,DSL,94.61,,Yes
CUST00650,Male,0,0,No,Fiber optic,95.68,,No
CUST00651,Female,1,12,No,No,46.65,634.53,No
CUST00652,Female,0,5,Yes,Fiber optic,82.54,436.01,No
CUST00653,Male,0,6,No,Fiber optic,88.72,483.02,Yes
CUST00654,Female,0,3,Yes,Fiber optic,103.43,339.26,Yes
CUST00655,Male,0,36,No,No,51.3,1499.46,No
CUST00656,Male,1,35,Yes,Fiber optic,28.79,1086.59,Yes
CUST00657,Female,0,59,No,No,85.34,4785.67,No
CUST00658,Female,0,7,No,DSL,67.66,411.58,No
CUST00659,Male,0,18,No,Fiber optic,97.92,1665.13,No
CUST00660,Male,0,33,No,No,46.92,1577.45,No
CUST00661,Male,0,15,Yes,DSL,94.1,1310.48,No
CUST00662,Male,0,22,No,Fiber optic,21.25,510.59,No
CUST00663,Female,0,10,No,DSL,85.23,883.36,No
CUST00664,Male,0,33,No,DSL,77.15,2412.3,No
CUST00665,Female,0,34,Yes,Fiber optic,69.27,2236.49,No
CUST00666,Male,0,12,Yes,No,48.37,485.4,No
CUST00667,Male,1,48,No,Fiber optic,23.06,1381.66,Yes
CUST00668,Male,0,2,No,DSL,60.23,112.28,No
CUST00669,Female,0,38,Yes,Fiber optic,56.12,2192.92,No
CUST00670,Female,0,10,Yes,DSL,70.61,642.25,Yes
CUST00671,Female,0,41,Yes,No,93.46,3919.27,No
CUST00672,Female,0,60,Yes,Fiber optic,22.44,1445.82,No
CUST00673,Male,0,4,Yes,DSL,99.61,378.43,Yes
CUST00674,Male,0,8,No,Fiber optic,81.56,718.29,No
CUST00675,Female,1,5,No,Fiber optic,60.48,340.72,No
CUST00676,Male,0,62,No,DSL,32.22,2475.79,No
CUST00677,Female,1,60,No,Fiber optic,20.16,978.79,Yes
CUST00678,Male,0,61,No,DSL,54.03,2742.1,No
CUST00679,Male,0,29,Yes,DSL,70.99,2036.76,No
CUST00680,Female,0,44,Yes,DSL,49.66,2200.54,No
CUST00681,Female,0,10,Yes,DSL,107.0,1165.73,No
CUST00682,Male,0,66,Yes,DSL,70.07,4118.22,No
CUST00683,Male,0,7,Yes,Fiber optic,82.81,512.91,No
CUST00684,Female,0,19,Yes,Fiber optic,69.5,1186.85,Yes
CUST00685,Female,0,29,Yes,DSL,32.25,1120.04,No
CUST00686,Female,0,39,Yes,Fiber optic,63.99,2766.75,No
CUST00687,Male,0,54,Yes,DSL,36.72,2444.43,No
CUST00688,Male,1,32,No,DSL,64.67,2328.87,No
CUST00689,Male,0,30,No,Fiber optic,34.82,1313.33,No
CUST00690,Male,0,27,No,DSL,51.13,1460.23,No
CUST00691,Female,1,4,No,Fiber optic,74.22,283.74,Yes
CUST00692,Female,0,10,Yes,Fiber optic,107.11,1169.5,Yes
CUST00693,Female,0,0,No,Fiber optic,79.41,,Yes
CUST00694,Male,0,1,Yes,DSL,88.54,98.06,Yes
CUST00695,Male,0,60,No,Fiber optic,35.07,1965.17,No
CUST00696,Female,1,48,No,No,93.67,4882.04,No
CUST00697,Female,0,52,Yes,DSL,66.74,3648.69,No
CUST00698,Female,0,71,Yes,Fiber optic,20.1,1777.1,No
CUST00699,Male,0,4,No,Fiber optic,77.21,346.79,Yes
CUST00700,Male,0,72,Yes,No,49.61,,No
CUST00701,Female,0,66,Yes,Fiber optic,21.04,1121.48,No
CUST00702,Female,0,64,No,DSL,53.07,3612.09,No
CUST00703,Female,0,3,Yes,Fiber optic,70.86,237.49,No
CUST00704,Male,0,1,Yes,Fiber optic,75.95,82.5,No
CUST00705,Female,0,45,No,Fiber optic,72.69,2894.28,Yes
CUST00706,Female,1,44,Yes,DSL,69.62,2930.82,No
CUST00707,Female,0,1,No,DSL,61.88,69.74,No
CUST00708,Male,0,10,Yes,DSL,107.81,1104.93,Yes
CUST00709,Male,0,45,No,Fiber optic,80.15,3854.55,No
CUST00710,Female,0,5,No,Fiber optic,82.29,425.81,Yes
CUST00711,Male,1,63,No,Fiber optic,88.32,6087.59,Yes
CUST00712,Female,0,4,No,DSL,92.12,386.47,No
CUST00713,Male,0,38,No,No,20.09,416.5,No
CUST00714,Male,0,56,Yes,DSL,59.6,3725.62,No
CUST00715,Female,0,65,Yes,Fiber optic,39.63,2918.78,No
CUST00716,Female,0,0,Yes,No,92.64,,Yes
CUST00717,Male,0,54,No,Fiber optic,83.99,4473.09,No
CUST00718,Female,0,8,Yes,DSL,64.37,521.82,No
CUST00719,Female,0,38,Yes,Fiber optic,69.11,,Yes
CUST00720,Male,0,26,Yes,No,40.97,976.34,No
CUST00721,Female,0,28,Yes,DSL,68.04,1805.24,No
CUST00722,Female,0,57,Yes,DSL,84.6,4643.67,No
CUST00723,Male,0,16,No,No,82.4,1357.46,No
CUST00724,Male,0,12,Yes,DSL,30.78,363.6,No
CUST00725,Female,0,53,No,Fiber optic,62.07,3104.21,Yes
CUST00726,Male,0,0,Yes,DSL,92.05,,Yes
CUST00727,Male,0,66,No,Fiber optic,69.5,,Yes
CUST00728,Female,0,48,No,No,80.44,3729.84,No
CUST00729,Male,0,0,Yes,Fiber optic,63.07,,Yes
CUST00730,Male,1,72,No,Fiber optic,23.64,2066.05,No
CUST00731,Female,0,30,No,DSL,88.68,,No
CUST00732,Female,0,36,No,DSL,61.6,2050.48,No
CUST00733,Male,0,36,Yes,No,55.18,,No
CUST00734,Male,0,25,No,No,21.71,769.17,No
CUST00735,Female,0,37,No,Fiber optic,68.58,2361.55,No
CUST00736,Female,0,43,Yes,DSL,55.72,2391.2,No
CUST00737,Female,0,38,Yes,No,66.66,2479.32,No
CUST00738,Male,0,69,Yes,DSL,99.09,6970.51,No
CUST00739,Male,0,7,No,Fiber optic,62.0,444.89,No
CUST00740,Male,0,67,No,Fiber optic,64.45,4724.5,Yes
CUST00741,Female,0,67,No,Fiber optic,91.37,6227.71,Yes
CUST00742,Male,0,2,Yes,No,77.48,151.78,Yes
CUST00743,Female,0,24,Yes,DSL,67.04,1377.18,No
CUST00744,Male,1,25,Yes,No,99.12,2441.24,No
CUST00745,Male,0,6,No,DSL,66.22,383.05,No
CUST00746,Male,0,25,No,DSL,73.42,1763.03,No
CUST00747,Female,1,30,No,DSL,95.73,2724.66,No
CUST00748,Male,0,4,Yes,DSL,92.18,358.23,Yes
CUST00749,Male,1,40,No,Fiber optic,49.99,2146.53,No
CUST00750,Male,0,53,Yes,DSL,28.4,1569.92,No
CUST00751,Male,0,28,Yes,DSL,24.85,501.35,No
CUST00752,Female,1,2,No,DSL,66.59,126.84,No
CUST00753,Male,0,3,No,Fiber optic,94.66,287.85,Yes
CUST00754,Male,0,46,Yes,DSL,78.17,3420.46,No
CUST00755,Female,1,58,Yes,Fiber optic,45.92,2856.95,No
CUST00756,Female,0,3,No,No,86.55,,Yes
CUST00757,Female,0,71,Yes,DSL,75.56,5356.54,No
CUST00758,Female,0,33,No,No,90.33,3294.84,No
CUST00759,Male,0,4,No,Fiber optic,60.98,282.79,No
CUST00760,Male,0,53,No,No,54.29,2769.5,No
CUST00761,Male,0,10,No,Fiber optic,90.72,1000.9,Yes
CUST00762,Female,1,57,Yes,Fiber optic,77.51,3850.98,Yes
CUST00763,Male,0,68,No,DSL,65.02,4272.49,No
CUST00764,Female,0,67,No,DSL,94.56,6534.81,No
CUST00765,Male,0,22,Yes,Fiber optic,44.26,1136.91,No
CUST00766,Male,0,12,No,Fiber optic,76.25,987.31,No
CUST00767,Female,1,9,Yes,DSL,70.8,580.61,No
CUST00768,Female,0,7,No,DSL,89.43,571.72,Yes
CUST00769,Female,1,25,No,DSL,35.07,1083.48,Yes
CUST00770,Female,0,18,No,DSL,46.79,680.44,No
CUST00771,Male,0,14,Yes,Fiber optic,21.84,340.37,Yes
CUST00772,Female,0,32,No,Fiber optic,26.42,543.08,No
CUST00773,Female,0,67,Yes,Fiber optic,94.22,6316.58,No
CUST00774,Male,0,55,Yes,DSL,81.23,4301.32,No
CUST00775,Female,0,10,Yes,No,101.08,964.1,Yes
CUST00776,Female,1,27,No,Fiber optic,24.77,671.83,No
CUST00777,Female,0,35,No,Fiber optic,66.18,2454.42,No
CUST00778,Female,0,2,No,DSL,100.51,181.1,No
CUST00779,Female,0,1,No,Fiber optic,99.41,,No
CUST00780,Male,0,37,Yes,No,35.21,943.27,No
CUST00781,Female,1,54,No,DSL,25.79,1129.12,No
CUST00782,Male,0,71,Yes,Fiber optic,46.96,3310.94,No
CUST00783,Female,1,3,Yes,No,100.22,297.58,No
CUST00784,Female,0,36,Yes,No,40.1,1702.32,No
CUST00785,Female,1,50,Yes,No,50.48,2409.74,No
CUST00786,Female,0,44,No,DSL,69.78,3022.74,No
CUST00787,Male,0,32,No,No,29.94,800.83,No
CUST00788,Male,0,24,No,DSL,89.53,2228.95,No
CUST00789,Female,0,29,Yes,Fiber optic,37.69,1201.77,No
CUST00790,Female,0,8,No,DSL,84.76,679.64,Yes
CUST00791,Male,0,64,Yes,Fiber optic,66.73,4813.84,No
CUST00792,Male,1,64,No,No,39.95,2695.14,No
CUST00793,Female,0,63,Yes,DSL,97.13,,No
CUST00794,Male,1,28,No,DSL,43.74,1482.54,No
CUST00795,Female,1,31,No,DSL,36.2,,No
CUST00796,Male,0,63,No,Fiber optic,33.4,2046.79,Yes
CUST00797,Female,0,7,No,Fiber optic,94.56,616.37,Yes
CUST00798,Female,1,72,Yes,DSL,99.55,6991.19,Yes
CUST00799,Male,0,30,Yes,DSL,71.67,2258.07,No
CUST00800,Female,1,64,Yes,Fiber optic,88.8,5437.52,Yes
CUST00801,Male,0,38,Yes,No,40.08,1239.47,No
CUST00802,Male,0,31,Yes,DSL,45.72,1123.59,No
CUST00803,Female,0,7,Yes,DSL,87.52,634.73,Yes
CUST00804,Male,0,69,No,Fiber optic,98.76,6282.05,No
CUST00805,Male,0,5,Yes,DSL,85.17,475.31,No
CUST00806,Female,1,19,Yes,DSL,56.56,1044.96,No
CUST00807,Female,1,19,Yes,DSL,42.86,718.77,Yes
CUST00808,Male,0,66,No,DSL,29.37,1796.1,No
CUST00809,Male,0,5,No,DSL,80.68,367.23,No
CUST00810,Male,0,4,Yes,DSL,85.08,348.56,Yes
CUST00811,Female,0,46,No,Fiber optic,22.09,1456.3,No
CUST00812,Female,0,17,No,Fiber optic,67.76,1264.0,Yes
CUST00813,Male,0,44,No,DSL,78.89,3435.27,No
CUST00814,Female,1,6,Yes,No,71.37,451.61,Yes
CUST00815,Female,0,25,Yes,Fiber optic,89.83,2328.97,No
CUST00816,Female,0,27,No,DSL,54.41,1533.48,No
CUST00817,Male,0,47,No,Fiber optic,75.6,3526.39,No
CUST00818,Male,0,53,Yes,Fiber optic,55.5,3313.76,No
CUST00819,Male,0,4,Yes,No,109.01,441.43,No
CUST00820,Male,0,2,No,Fiber optic,99.12,191.8,Yes
CUST00821,Female,0,47,Yes,Fiber optic,92.43,3924.48,Yes
CUST00822,Female,1,22,Yes,DSL,39.73,726.71,No
CUST00823,Female,0,10,No,DSL,95.17,931.85,Yes
CUST00824,Female,1,0,No,DSL,89.86,,Yes
CUST00825,Male,0,5,No,DSL,99.88,453.59,No
CUST00826,Female,0,0,No,No,106.98,,No
CUST00827,Male,0,55,Yes,No,39.15,2050.07,No
CUST00828,Male,0,37,Yes,No,69.5,2755.75,No
CUST00829,Male,0,68,No,No,94.08,5881.73,No
CUST00830,Male,0,9,Yes,DSL,101.08,897.78,Yes
CUST00831,Male,0,34,Yes,Fiber optic,39.53,1155.51,Yes
CUST00832,Male,1,63,No,Fiber optic,62.03,4115.38,Yes
CUST00833,Male,0,7,Yes,Fiber optic,108.3,797.55,No
CUST00834,Male,1,71,Yes,Fiber optic,93.01,6999.14,No
CUST00835,Female,0,24,No,Fiber optic,41.13,1045.59,No
CUST00836,Female,0,41,No,Fiber optic,61.0,2231.95,No
CUST00837,Female,0,1,No,No,100.48,92.37,Yes
CUST00838,Male,0,51,Yes,Fiber optic,33.83,1836.68,No
CUST00839,Male,0,25,No,Fiber optic,56.38,1617.07,No
CUST00840,Male,0,12,Yes,Fiber optic,80.73,,No
CUST00841,Female,0,57,Yes,DSL,76.33,4344.86,No
CUST00842,Male,1,43,No,Fiber optic,97.2,,No
CUST00843,Male,0,29,No,DSL,37.72,882.51,No
CUST00844,Female,0,51,Yes,Fiber optic,25.98,1559.58,No
CUST00845,Male,0,0,Yes,DSL,84.6,,Yes
CUST00846,Female,1,36,No,No,68.74,2727.87,Yes
CUST00847,Female,1,26,No,Fiber optic,24.1,455.37,Yes
CUST00848,Male,0,45,No,Fiber optic,44.27,,No
CUST00849,Male,0,2,No,Fiber optic,94.14,184.36,No
CUST00850,Male,0,0,Yes,Fiber optic,60.85,,No
CUST00851,Female,0,6,No,No,96.48,547.92,No
CUST00852,Female,0,7,No,Fiber optic,83.17,520.63,Yes
CUST00853,Female,0,8,Yes,No,94.47,818.04,Yes
CUST00854,Female,0,9,Yes,No,104.19,870.18,No
CUST00855,Male,0,25,Yes,Fiber optic,24.74,472.67,No
CUST00856,Male,0,63,No,DSL,87.39,5930.02,No
CUST00857,Female,0,18,Yes,DSL,26.73,478.9,No
CUST00858,Female,0,53,No,Fiber optic,36.85,2134.48,No
CUST00859,Male,0,11,Yes,DSL,67.53,736.85,No
CUST00860,Male,1,38,Yes,Fiber optic,57.31,1977.9,Yes
CUST00861,Male,0,2,No,DSL,90.27,173.46,No
CUST00862,Male,0,11,Yes,Fiber optic,103.47,1232.64,No
CUST00863,Male,0,1,No,Fiber optic,85.03,89.58,No
CUST00864,Male,0,3,Yes,Fiber optic,71.37,220.92,Yes
CUST00865,Male,1,23,No,DSL,37.72,939.48,Yes
CUST00866,Male,0,37,No,DSL,98.47,3670.77,No
CUST00867,Male,0,46,No,Fiber optic,27.02,1353.83,No
CUST00868,Male,0,31,Yes,Fiber optic,51.9,1369.5,No
CUST00869,Male,0,68,No,DSL,87.03,5984.93,No
CUST00870,Male,0,10,Yes,Fiber optic,74.93,803.66,No
CUST00871,Female,0,32,No,Fiber optic,66.49,2115.48,No
CUST00872,Female,0,10,Yes,DSL,85.42,944.93,Yes
CUST00873,Female,0,10,Yes,DSL,76.46,770.45,Yes
CUST00874,Female,0,22,No,DSL,36.4,941.68,No
CUST00875,Male,0,8,Yes,DSL,68.73,518.88,No
CUST00876,Female,0,14,No,No,25.59,274.05,No
CUST00877,Male,1,18,No,DSL,20.12,346.46,No
CUST00878,Male,0,12,No,DSL,22.9,378.27,No
CUST00879,Male,1,18,No,No,61.94,1013.5,No
CUST00880,Female,0,26,Yes,DSL,29.53,708.29,No
CUST00881,Male,1,11,No,Fiber optic,94.06,1112.88,Yes
CUST00882,Female,0,1,Yes,No,62.25,62.51,No
CUST00883,Male,0,29,Yes,No,51.87,1522.7,No
CUST00884,Male,1,22,No,Fiber optic,77.31,1685.52,Yes
CUST00885,Male,0,59,Yes,DSL,74.59,4671.67,No
CUST00886,Female,0,2,No,Fiber optic,104.87,192.3,No
CUST00887,Female,0,44,Yes,Fiber optic,64.52,2690.22,No
CUST00888,Male,0,3,Yes,No,85.81,280.48,Yes
CUST00889,Female,0,49,Yes,Fiber optic,95.14,4307.2,No
CUST00890,Female,0,41,Yes,DSL,20.95,611.65,No
CUST00891,Male,0,3,No,DSL,77.42,227.33,No
CUST00892,Male,0,54,No,No,23.98,942.75,No
CUST00893,Female,0,66,No,DSL,57.83,3613.92,No
CUST00894,Female,1,47,No,Fiber optic,27.68,1464.71,No
CUST00895,Female,1,7,Yes,No,69.72,430.78,No
CUST00896,Male,0,53,Yes,DSL,72.84,4384.52,No
CUST00897,Male,0,1,Yes,DSL,94.02,85.03,Yes
CUST00898,Male,1,46,Yes,DSL,21.61,1233.95,No
CUST00899,Female,0,9,Yes,No,104.64,,No
CUST00900,Female,0,12,Yes,DSL,26.74,411.98,No
CUST00901,Male,0,65,No,Fiber optic,79.96,4813.26,No
CUST00902,Female,0,34,Yes,Fiber optic,33.89,836.55,Yes
CUST00903,Female,0,1,Yes,Fiber optic,97.5,92.04,Yes
CUST00904,Female,0,13,Yes,Fiber optic,27.45,328.86,Yes
CUST00905,Male,0,4,Yes,No,94.99,357.82,Yes
CUST00906,Female,0,12,Yes,Fiber optic,81.23,909.99,Yes
CUST00907,Female,1,14,Yes,Fiber optic,36.81,607.0,Yes
CUST00908,Male,0,53,No,DSL,84.91,4597.75,No
CUST00909,Female,1,47,No,No,29.05,1260.73,No
CUST00910,Female,0,61,No,DSL,84.91,5067.85,No
CUST00911,Male,1,20,Yes,No,99.44,1915.39,No
CUST00912,Female,0,23,Yes,DSL,33.38,867.35,No
CUST00913,Female,0,28,No,DSL,36.09,1076.24,No
CUST00914,Male,0,11,No,Fiber optic,102.79,1150.63,Yes
CUST00915,Male,0,7,Yes,Fiber optic,66.0,439.43,No
CUST00916,Female,1,41,Yes,No,55.83,2327.7,Yes
CUST00917,Female,1,8,No,DSL,93.55,735.18,Yes
CUST00918,Female,0,51,No,Fiber optic,38.28,2231.84,Yes
CUST00919,Male,0,41,No,DSL,25.08,1077.3,No
CUST00920,Male,0,12,No,Fiber optic,80.69,1043.52,No
CUST00921,Male,0,34,No,Fiber optic,70.75,2567.6,Yes
CUST00922,Male,0,12,Yes,Fiber optic,22.46,316.38,Yes
CUST00923,Male,1,2,Yes,No,78.89,158.55,No
CUST00924,Female,0,12,Yes,DSL,58.74,721.68,No
CUST00925,Female,0,28,No,Fiber optic,42.11,1346.97,No
CUST00926,Female,0,1,No,DSL,107.9,106.58,Yes
CUST00927,Male,1,7,No,Fiber optic,101.78,777.25,No
CUST00928,Male,0,18,No,DSL,40.57,594.1,No
CUST00929,Female,0,36,No,DSL,40.41,1768.31,No
CUST00930,Female,0,21,Yes,DSL,87.88,1892.32,No
CUST00931,Male,0,61,Yes,Fiber optic,62.35,3377.18,No
CUST00932,Male,1,2,Yes,Fiber optic,94.37,189.06,No
CUST00933,Female,0,34,Yes,No,29.08,1289.1,No
CUST00934,Male,1,12,Yes,DSL,20.25,299.42,No
CUST00935,Male,1,16,No,Fiber optic,78.38,1267.78,No
CUST00936,Female,0,60,No,DSL,78.18,4355.21,No
CUST00937,Male,0,4,No,DSL,68.82,294.39,No
CUST00938,Female,0,63,Yes,DSL,35.77,2637.19,No
CUST00939,Female,0,26,Yes,Fiber optic,34.13,1118.31,No
CUST00940,Male,0,12,Yes,No,47.06,625.65,No
CUST00941,Male,0,43,No,Fiber optic,74.22,2964.07,No
CUST00942,Male,0,20,Yes,Fiber optic,30.56,624.25,No
CUST00943,Male,0,5,No,Fiber optic,72.59,410.05,Yes
CUST00944,Female,0,54,No,No,71.73,4068.7,No
CUST00945,Female,0,1,Yes,Fiber optic,77.73,69.93,Yes
CUST00946,Female,0,5,No,Fiber optic,91.39,416.89,Yes
CUST00947,Male,0,0,Yes,Fiber optic,96.92,,No
CUST00948,Female,0,6,Yes,DSL,98.48,559.54,Yes
CUST00949,Female,0,18,Yes,Fiber optic,45.27,917.61,Yes
CUST00950,Female,1,4,Yes,No,81.77,321.9,No
CUST00951,Male,0,7,No,No,92.43,664.62,No
CUST00952,Female,0,9,No,DSL,85.99,833.59,Yes
CUST00953,Male,0,12,Yes,DSL,20.97,300.72,No
CUST00954,Male,1,3,Yes,Fiber optic,104.73,336.59,Yes
CUST00955,Female,0,7,No,Fiber optic,77.35,579.06,No
CUST00956,Male,0,69,Yes,DSL,35.19,2254.47,No
CUST00957,Male,0,46,No,Fiber optic,97.94,4439.07,Yes
CUST00958,Male,0,30,Yes,No,58.69,1490.93,No
CUST00959,Male,1,28,Yes,Fiber optic,30.94,817.54,No
CUST00960,Male,0,30,No,No,81.48,2607.85,No
CUST00961,Female,1,2,No,Fiber optic,61.94,126.8,Yes
CUST00962,Female,0,17,No,Fiber optic,79.32,1317.63,No
CUST00963,Male,0,28,Yes,DSL,58.26,1434.51,No
CUST00964,Male,0,0,Yes,DSL,74.7,,No
CUST00965,Male,0,11,Yes,Fiber optic,63.22,720.85,Yes
CUST00966,Male,0,3,No,No,64.43,194.77,No
CUST00967,Male,0,38,No,Fiber optic,43.15,1547.46,No
CUST00968,Male,1,8,No,No,80.98,630.77,No
CUST00969,Female,0,9,Yes,Fiber optic,66.67,618.05,Yes
CUST00970,Male,0,62,Yes,DSL,60.25,3907.34,No
CUST00971,Male,0,41,No,DSL,53.2,1824.09,No
CUST00972,Male,0,14,Yes,DSL,98.08,1457.32,No
CUST00973,Female,1,32,Yes,No,91.84,3165.36,No
CUST00974,Male,0,3,No,DSL,84.9,284.56,Yes
CUST00975,Male,0,5,No,No,99.25,511.19,Yes
CUST00976,Female,0,2,Yes,DSL,78.32,170.1,No
CUST00977,Male,1,53,No,DSL,87.97,4284.81,Yes
CUST00978,Female,1,26,No,No,46.17,1085.97,No
CUST00979,Female,1,7,Yes,DSL,80.34,506.86,Yes
CUST00980,Male,0,68,Yes,DSL,90.06,5688.8,No
CUST00981,Female,0,12,No,Fiber optic,41.42,553.99,No
CUST00982,Male,0,65,No,DSL,32.59,2079.71,No
CUST00983,Female,0,64,Yes,No,35.55,,No
CUST00984,Female,0,3,Yes,Fiber optic,101.63,,Yes
CUST00985,Female,0,2,No,Fiber optic,69.7,124.36,No
CUST00986,Male,0,47,No,No,65.19,2598.85,No
CUST00987,Male,0,19,No,DSL,28.12,534.79,No
CUST00988,Male,0,14,Yes,No,62.33,805.39,No
CUST00989,Male,0,3,Yes,No,97.57,289.23,No
CUST00990,Female,0,31,No,No,53.67,1806.38,No
CUST00991,Female,0,64,Yes,Fiber optic,80.44,4837.47,No
CUST00992,Female,0,63,Yes,Fiber optic,43.01,3091.97,Yes
CUST00993,Male,0,7,No,No,66.54,530.9,No
CUST00994,Female,0,7,No,Fiber optic,99.34,687.83,No
CUST00995,Male,0,20,Yes,Fiber optic,66.77,1226.9,No
CUST00996,Male,0,58,Yes,DSL,54.82,3576.66,No
CUST00997,Female,1,3,No,DSL,95.66,285.77,Yes
CUST00998,Male,1,22,No,DSL,63.45,1367.09,No
CUST00999,Female,1,25,Yes,Fiber optic,71.24,1964.58,No
CUST01000,Male,0,48,No,DSL,80.87,3629.27,No
